ID,Auscultation_Point,y_3class_str,bSQI,pSQI,sSQI,kSQI,fSQI,basSQI
100,AV,low_quality,0.7073170731707317,0.8293027390788321,-1.0738898266512076,3.619120224421173,0.0,0.8732429731027356
100,MV,uncertain,0.9444444444444444,0.7275609794900997,-2.8709255181378563,12.826348844695444,0.0,0.9046561407212714
100,PV,uncertain,0.5178571428571429,0.7646803830005922,0.4232285414947388,0.5384570494308294,0.0,0.6759314461323196
100,TV,uncertain,0.6730769230769231,0.7473640259630345,0.6130616152280929,1.3804417231447,0.0,0.8770699907213297
10,AV,high_quality,0.7391304347826086,0.9720534943323932,-0.49360437072968205,1.6329573554185242,0.0,0.6708310151677941
10,MV,high_quality,0.8205128205128205,0.8030234699585977,1.6696848622828333,6.934141061751349,0.0,0.8389088316690338
10,PV,high_quality,0.975,0.7572554188864498,0.3855090642855695,2.933800392913904,0.0,0.867379961369172
10,PV_2,high_quality,0.8918918918918919,0.7140613546771921,0.2755302681490729,0.012339051514016486,0.0,0.338466886173146
10,TV,high_quality,0.8260869565217391,0.95331598046819,-0.4181436712707086,3.5204694958055285,0.0,0.7410272801260702
10,TV_2,high_quality,0.7115384615384616,0.9722098966282628,-1.1814628043252349,2.5628616517254326,0.0,0.6435403951332499
11,AV,uncertain,0.47058823529411764,0.9273435607781457,0.563552911697499,1.65907511615249,0.0,0.6089253133367238
11,MV,high_quality,0.43333333333333335,0.7893025246894901,2.917565641454167,13.391105250464822,0.0,0.8857397762945781
11,PV,high_quality,0.7758620689655172,0.7961492816894263,1.206055146098983,2.421162342792675,0.0,0.7586469644283459
11,TV,high_quality,0.1935483870967742,0.8217408183334608,2.6395943136757856,10.816907368075833,0.0,0.8646375792939216
12,AV,low_quality,0.23404255319148937,0.8968135337512957,0.20916796363798545,-0.3482831267203652,0.03319074778200253,0.14947414060168607
12,MV,high_quality,0.4642857142857143,0.6873856670428726,0.005232327337841913,1.8488909431670129,0.0,0.66831037782428
12,PV,high_quality,0.34615384615384615,0.6818194144920425,-0.8290010038253856,1.7836858395029926,0.0,0.6311260918406081
12,TV,uncertain,0.5178571428571429,0.8212368972651344,-0.11935386519004507,0.23370265088366127,0.0,0.3190566952677447
13,AV,low_quality,0.26229508196721313,0.9624612223368852,-0.5820707418978228,0.772300490188194,0.04364511512943931,0.20214242053852993
13,MV,low_quality,0.36,0.9272973797886176,-0.5627695279787878,0.06816637383197399,0.03304279953167686,0.16295046563119242
13,PV,low_quality,0.38461538461538464,0.9060951705139322,-0.5138709452857444,0.7265305595814491,0.019708598933263953,0.4408176493799004
13,TV,low_quality,0.23636363636363636,0.9408842949024226,-0.13102152853305238,-1.467486656410889,0.13306892778993434,0.3565695167833839
14,AV,high_quality,0.9761904761904762,0.9124501511993007,0.6684921571499138,0.5432904843612723,0.0,0.8222516616438524
14,MV,high_quality,0.5806451612903226,0.9627267724688022,-0.2266609980675086,0.24957754357279294,0.0,0.8652273929183778
14,PV,high_quality,0.8478260869565217,0.9933575128893765,-0.06067516116925086,5.185691167764025,0.0,0.48235878534170873
14,TV,uncertain,0.43902439024390244,0.9729280847067155,-2.0833196395317697,5.848326822661459,0.0,0.8890878255720166
15,AV,high_quality,0.5063291139240507,0.8939510087328539,0.7140758072081651,1.9169461064196343,0.0,0.8670757325959512
15,MV,high_quality,0.9777777777777777,0.8216177115543335,3.4445234131113995,12.976343356210869,0.0,0.9847154658935574
15,PV,high_quality,0.5443037974683544,0.6422998875990577,0.4354095467915134,4.027323384081426,0.0,0.9697241623352725
15,TV,low_quality,0.7313432835820896,0.8050724130831645,0.03794266384430979,-0.6300048952173833,0.0,0.5335071307674533
16,AV,high_quality,0.36363636363636365,0.8984396032824982,-1.318498349345188,2.8442374672823245,0.0,0.8437285053903731
16,MV,high_quality,0.8076923076923077,0.8140479315093655,-2.5284579775304943,7.611832997780235,0.0,0.9691525624532173
16,PV,high_quality,0.6119402985074627,0.8716282691089826,0.027700450658323956,1.4481494065069125,0.0,0.36184548723365106
16,PV_2,high_quality,0.4883720930232558,0.8520195138933382,1.7086138065137493,2.919609268116645,0.0,0.9683913142883847
16,TV,high_quality,0.8269230769230769,0.8763134702684762,0.4383869071130775,1.6206486505888398,0.0,0.926182948998537
16,TV_2,high_quality,0.9347826086956522,0.9142249503612464,0.28535698384815994,1.5413536404516899,0.0,0.9753375400767954
17,AV,high_quality,0.2702702702702703,0.650216708860157,0.36003403814167617,5.3223804790719385,0.0,0.7765163275257171
17,MV,high_quality,0.6808510638297872,0.7001170303042642,2.4254612437658616,9.901427443488148,0.0,0.7963228053168238
17,PV,high_quality,0.5283018867924528,0.6915286519512507,0.1020772548423599,-0.9414964743171872,0.0,0.19634180120446965
17,TV,uncertain,0.11428571428571428,0.7948429181501969,1.2133582806087726,3.810317068480674,0.0,0.6422590502386638
18,AV,low_quality,0.4411764705882353,0.7038604719925422,0.627254827521285,3.934150701529057,0.0,0.5332039451357449
18,MV,high_quality,0.10638297872340426,0.8405882609201542,1.049226220492902,8.290950736576766,0.0,0.7485751571154411
18,PV,high_quality,0.2608695652173913,0.7359564143926215,0.010001433019880603,0.3339524481116971,0.0,0.846237430231154
18,PV_2,uncertain,0.5,0.6785152519837684,0.03248869414215667,-1.3586794659461863,0.0,0.7694213107775303
18,TV,low_quality,0.4838709677419355,0.6948495697054551,0.6665295971644768,0.22010265132001594,0.0,0.15983246177851507
18,TV_2,low_quality,0.5492957746478874,0.6790516841860317,3.1492733464100304,13.079663759341258,0.0,0.28128471428735924
19,AV,high_quality,0.10526315789473684,0.7815552596478776,1.4559621813755526,4.440274187472638,0.0,0.855345385260726
19,MV,high_quality,0.9487179487179487,0.7529341327443289,2.0998602470981136,8.65915249923846,0.0,0.8025172507190079
19,PV,high_quality,0.972972972972973,0.7955689737404511,2.9026428635399912,12.021003028181546,0.0,0.9089393929338148
19,TV,high_quality,0.8823529411764706,0.7593412824911134,1.7673767941377512,5.781562046516504,0.0,0.9527102710367196
1,AV,uncertain,0.04,0.9749880731408636,-0.8944573557835029,2.423825421435981,0.12482112657733836,0.3221936152017638
1,MV,high_quality,0.7045454545454546,0.8555786980718489,-0.4708762242702383,4.283391104474113,0.0,0.5532205064200082
1,PV,high_quality,0.4927536231884058,0.8549089255561413,0.71670278335746,0.19115385704939136,0.0,0.8828413539918426
1,TV,high_quality,0.3235294117647059,0.8803071200390586,2.835801512903394,9.811729155696197,0.0,0.9329775689580019
20,AV,high_quality,0.8695652173913043,0.9327732930247115,0.6940031348388213,0.8665701781854223,0.0,0.6594568195698325
20,MV,uncertain,0.42424242424242425,0.865429128437626,-0.5109950654832776,-0.24890105743404645,0.0,0.22553250102594358
20,PV,high_quality,0.575,0.9708784256106474,-0.055223308841372845,-0.6022122623132087,0.0,0.5434439016779563
20,TV,uncertain,0.6060606060606061,0.9530583417059061,0.17871629600827235,-0.6993633780701969,0.028956057912115824,0.21897640504759108
21,AV,high_quality,0.5909090909090909,0.9327348766625753,0.1498423265425531,-0.5997933821102159,0.0,0.32266058947143894
21,MV,high_quality,0.9,0.8330593494194175,2.119539397925427,7.224145443564344,0.0,0.8752016375750851
21,PV,uncertain,0.6,0.7628431552363139,0.21064904207375296,-0.16809734125175568,0.0,0.1842392082748897
21,TV,high_quality,0.4666666666666667,0.744381745633469,-0.022308483077982073,-0.4811305371278993,0.0,0.27119866795555136
22,AV,low_quality,0.45454545454545453,0.8281683091654718,-0.004514876539747156,-1.4902175511492652,0.0,0.5236981264535199
22,MV,high_quality,0.5757575757575758,0.7771374209370076,-1.4816698853396282,8.58139004080775,0.0,0.26842653794408033
22,PV,high_quality,0.4857142857142857,0.7829041099124527,-0.804346632343109,1.7623874240271515,0.0,0.44932410069901296
22,TV,uncertain,0.5714285714285714,0.7389155115836262,-0.04060452459133929,-0.5414839775884066,0.0,0.2594864844667796
23,AV,high_quality,0.6595744680851063,0.9327792477598095,-1.6704799324389952,11.189501785249812,0.0,0.835095639747209
23,MV,uncertain,0.4117647058823529,0.9611897301879396,-2.6863319927843596,9.720590131759314,0.0,0.9482931733017929
23,PV,high_quality,0.4166666666666667,0.9449472468491523,-2.75093184506026,9.56653072062562,0.0,0.9515684805334744
23,TV,uncertain,0.5068493150684932,0.6937023449175223,0.4400507663739724,0.9782718492238218,0.0,0.261573217485781
24,AV,uncertain,0.625,0.8825025938493296,-0.5564282935178961,0.49491782262225836,0.0,0.20683158597569729
24,MV,high_quality,0.9636363636363636,0.875400578588747,-2.137511029790274,6.189148053471337,0.0,0.9024038133634121
24,PV,uncertain,0.65,0.7036480102485028,0.8647426024062107,1.038729886880705,0.042604397033953426,0.15664865751640844
24,TV,high_quality,0.9310344827586207,0.7792524217354196,0.900688553838446,1.7960633145852123,0.0,0.6539827675359118
25,AV,high_quality,0.5,0.7504752948671024,0.1692159557161928,0.17712899814440775,0.0,0.3658404351349466
25,MV,uncertain,0.5217391304347826,0.7527893141952443,-2.2757990363043943,9.098926506893166,0.0,0.32501705842677686
25,PV,high_quality,0.24,0.7227996030825269,1.1265462103085888,3.504252124781228,0.0,0.7882979108662588
25,TV,high_quality,0.625,0.8082348400328533,-0.31109787627261953,2.086086503959068,0.0,0.6422742213783856
26,AV,high_quality,0.5862068965517241,0.8940742770980373,-0.49950022518422293,0.21776516529370538,0.0,0.5811816969008573
26,MV,uncertain,0.8780487804878049,0.8959992212844248,0.7325853903268319,0.03895885046378478,0.0,0.15155492605813936
26,PV,high_quality,0.8222222222222222,0.8945333590438185,0.4728531820703128,0.7429716486559741,0.0,0.5152558950851126
26,TV,high_quality,0.7446808510638298,0.9164814802769472,-0.4107600174819402,1.1827930415643575,0.019513464290360348,0.23335103882284491
27,AV,uncertain,0.3442622950819672,0.7056518172664109,-0.4737104601506321,0.30673244582203774,0.005593859763236633,0.17985604133317334
27,MV,low_quality,0.5789473684210527,0.9332830726631561,-0.29693053064731917,-0.7348619829209615,0.06075191882398855,0.2877474479004958
27,PV,uncertain,0.38095238095238093,0.9220286841236744,0.3380473619218999,-0.1898287163388761,0.010277091192923117,0.32968620499248713
27,TV,uncertain,0.25,0.9191218059718596,-0.9286304586164374,1.8900087410025845,0.0,0.6550486179624964
28,AV,low_quality,0.8833333333333333,0.8926497403323267,1.7310092200832914,4.619503174744544,0.0,0.5860991440118513
28,MV,low_quality,0.65625,0.8477422992558284,-1.6053125551835266,3.947705933885116,0.0,0.20275044240452744
28,PV,low_quality,0.7833333333333333,0.9021063946922829,0.3944240489572853,-0.10966440088601459,0.0,0.13781518556959926
28,TV,low_quality,0.9454545454545454,0.8237411480515848,0.10406906008450019,0.08173691551102413,0.02270066345778587,0.13325928435408663
29,AV,uncertain,0.41304347826086957,0.8006380907244399,-2.0065431589574536,5.979445643067686,0.0,0.17285934120546698
29,MV,high_quality,0.39655172413793105,0.8492521689551303,-0.5887235883285029,0.7185661552831961,0.013074021074541434,0.15837930648790688
29,PV,low_quality,0.8666666666666667,0.7139647816812067,0.5433697672864454,0.25109179586940034,0.0,0.35139072902596946
29,TV,uncertain,0.38461538461538464,0.8346343490090257,-0.7266505142785077,3.010136524885419,0.06465461168206062,0.2246897864118973
2,AV,low_quality,0.3103448275862069,0.9686344773024518,-0.4257411501158107,-1.3818407089680995,0.14966827110706388,0.14858126423280604
2,MV,uncertain,0.640625,0.9585223484954593,0.13108095240226256,-0.3117812323780371,0.0,0.91208627744215
2,PV,low_quality,0.5285714285714286,0.9665334272858379,-0.1630475334035773,-1.6145480466803277,0.0820866397814492,0.519743857733514
2,TV,uncertain,0.5211267605633803,0.8962345582448759,-0.24013617386741562,-0.10455240691484935,0.013659425003252243,0.6628156403007249
30,AV,uncertain,0.6909090909090909,0.8588132854293613,0.2142321045730033,0.5079370133997765,0.0,0.208924002704989
30,MV,uncertain,0.2564102564102564,0.8258944061212715,1.502505732056933,3.976695478714209,0.0,0.8309949373102212
30,PV,high_quality,0.4936708860759494,0.9450499339603939,0.4669392600616533,0.63505357730843,0.0,0.8610215012515317
30,TV,high_quality,0.7142857142857143,0.9005346326194105,-0.269330032324693,-0.6201613909231773,0.0,0.7591623691738587
31,AV,low_quality,0.5740740740740741,0.9169120127322425,2.0133281208438847,9.0215320216165,0.0,0.11646963783821285
31,MV,uncertain,0.6363636363636364,0.5647676268669605,-1.308991332487515,1.6033304521053129,0.0,0.19741298260745543
31,PV,low_quality,0.5849056603773585,0.7385515905137408,-0.9573108504407721,4.087716275899825,0.0029920645245219203,0.12938168595484234
31,TV,low_quality,0.625,0.6909919322245688,-1.2735037234339506,3.697962414727722,0.0,0.26711407819769684
32,AV,high_quality,0.23076923076923078,0.8279370625505815,-0.3850654165870678,-0.6529604072988149,0.04964442013129103,0.13445653298136673
32,MV,uncertain,0.7837837837837838,0.9712293147053418,-0.4819538691986618,2.529374445607651,0.023221022505528814,0.34495428511045134
32,PV,high_quality,0.6307692307692307,0.7419064786408127,0.16573549952335911,-0.50854507715606,0.0,0.4760542142390065
32,TV,high_quality,0.8055555555555556,0.9517266452321858,0.4875592659499767,-0.12135759383889066,0.0,0.3515910064431714
33,AV,high_quality,0.6511627906976745,0.874732897273366,1.9710696759549646,6.728179947493471,0.0,0.8918659848157755
33,MV,low_quality,0.9117647058823529,0.8629676266644609,3.375907372577105,13.326651706641552,0.0,0.9295231328166506
33,PV,uncertain,0.7380952380952381,0.9014897261041845,-2.1632324315974376,9.489131402929544,0.0,0.9285351293520867
33,TV,high_quality,0.4745762711864407,0.9084897146857931,-0.5017992052919285,0.44833382677110745,0.0,0.5214482099965858
34,AV,uncertain,0.4,0.8777698761748902,-0.1614323856554352,0.11143060852055964,0.0,0.22994054530280061
34,MV,high_quality,0.5555555555555556,0.9040436409224697,-0.039401744611708645,2.0718950558414377,0.0,0.5093205798777405
34,PV,high_quality,0.39285714285714285,0.9024915273629086,-0.24502919987235797,0.01218069520178311,0.00013334222281485432,0.5029680806905849
34,TV,uncertain,0.375,0.9271572250871706,-0.12057365818169943,0.08509363430498285,0.0,0.3367201120182344
35,AV,high_quality,0.5178571428571429,0.9279514840686934,-0.5119210212673565,1.4887854037822894,0.0,0.47177208079680266
35,MV,high_quality,0.25,0.8771938815156984,-2.6951754399072243,11.165066826217355,0.0,0.8010535348932233
35,PV,high_quality,0.5081967213114754,0.8223983528481713,0.460986846488377,1.2126091595850914,0.0,0.19382222103936664
35,TV,high_quality,0.5,0.830758015661491,0.10180553243335308,0.3322801056344127,0.0,0.7869729136083102
36,AV,low_quality,0.5576923076923077,0.7989497866880069,-0.2705689153054265,0.5644509780480491,0.0,0.21013045584679346
36,MV,high_quality,0.32786885245901637,0.8682424634597913,0.07751853369813565,0.6505547144478951,0.0,0.19754420770287107
36,PV,uncertain,0.5818181818181818,0.7532443143828645,0.39819966521902783,0.4419890953596801,0.008846103811630025,0.28818342867268143
36,TV,high_quality,0.5178571428571429,0.8183874623917695,-0.03595191461154781,0.8670243346967323,0.0,0.3920313517299464
37,AV,low_quality,0.32432432432432434,0.9151041343796791,0.8566942577185878,2.5739444608104662,0.0,0.7970057858781971
37,MV,uncertain,0.09302325581395349,0.8011192430070826,1.5828232438247107,6.927809273500186,0.0,0.8211860951092507
37,PV,low_quality,0.25,0.9448090964031922,-0.5944748306289299,4.200576928636981,0.0,0.719330552977373
37,TV,uncertain,0.8571428571428571,0.8629535720114374,0.6198635350095044,1.9716888079001258,0.0,0.9241191199267552
38,AV,low_quality,0.3055555555555556,0.8388631330593779,0.9143396785280892,2.835803749628824,0.0,0.6500940067835401
38,MV,uncertain,0.48484848484848486,0.8157154731019253,-2.1992181135115954,7.545399115690538,0.0,0.8836727974422576
38,PV,uncertain,0.4714285714285714,0.8263656340153035,1.9953426959583136,5.3727636819339875,0.0,0.9110794601891264
38,TV,uncertain,0.5,0.8432477589199313,1.8246762373948613,5.187772962036053,0.0,0.8121897692462536
39,AV,uncertain,0.3181818181818182,0.9021242609127564,0.2031405713616435,0.3458362738378704,0.0,0.3268902355069161
39,MV,high_quality,0.7358490566037735,0.7938042108617618,1.087497856840411,3.409033521829434,0.011252764407441135,0.20962796903560943
39,PV,high_quality,0.55,0.7614834344030303,-0.2859381646204704,0.2717277757910481,0.0,0.20683262676534386
39,TV,high_quality,0.7592592592592593,0.8670818594909486,0.45939631590476016,0.803911335271966,0.0,0.4915955293420732
3,AV,uncertain,0.9130434782608695,0.9126545607763332,0.36491295995657685,1.1275544195813296,0.0,0.724428763838421
3,MV,uncertain,0.9411764705882353,0.821204393858035,0.2127118470493988,1.3417204749587404,0.0,0.7013431054096593
3,PV,high_quality,0.8676470588235294,0.8329385409988733,-0.5292841217013968,3.0656635745391068,0.0020163913100039025,0.37997969586753333
3,TV,uncertain,0.9393939393939394,0.886718201217201,0.46947276643624875,0.43069022295028914,0.0,0.7010597666360615
40,AV,uncertain,0.5849056603773585,0.9428967095002977,0.1100741446149493,0.7916903539136335,0.0,0.37609644287758837
40,MV,uncertain,0.675,0.8510217843761464,-0.6466036745461106,3.287113027282194,0.0,0.2982782802368962
40,PV,high_quality,0.4918032786885246,0.8962813691377026,-0.4309700085127904,0.011085671540742581,0.0,0.41273057728992835
40,TV,low_quality,0.296875,0.9570327641177108,0.14087385401834215,0.05875641460943282,0.0,0.5785044133641872
41,AV,high_quality,0.36,0.9185088023221868,0.08566751776974713,-0.5335770979631582,0.003382333810329127,0.14582911444272695
41,MV,high_quality,0.5263157894736842,0.37792233111114604,1.853922054286841,8.668598520107096,0.0,0.8401202873653164
41,PV,high_quality,0.625,0.8817713724137397,0.11113582518481618,-0.6441200625630752,0.0,0.3616990110884256
41,TV,high_quality,0.02,0.8259777821587841,1.0642939772742253,6.752310298669295,0.0,0.2786429672741053
42,AV,high_quality,0.42105263157894735,0.8511266804782462,0.1409961576335499,-0.3102606554646665,0.0,0.3489707178474698
42,MV,high_quality,0.8863636363636364,0.7650041811087438,0.6816899590271537,2.100260531633686,0.0,0.7810666841435003
42,PV,low_quality,0.6,0.8351359309692185,-0.8309753743592614,2.5286128597408775,0.0,0.8526243996072859
42,TV,high_quality,0.7671232876712328,0.8057929144923618,-0.03356255179860408,-1.1934948381606019,0.0,0.6166357673431837
43,AV,high_quality,0.5352112676056338,0.8384496368916867,0.2736292148182814,1.5594155950931938,0.0,0.8119712794878465
43,MV,low_quality,0.95,0.8509639935832892,2.3157991543202465,7.746836116438665,0.0,0.9766216193517584
43,PV,high_quality,0.59375,0.8256109113354617,-0.5410878039317241,6.062966417836186,0.0,0.6237815803810427
43,TV,uncertain,0.8333333333333334,0.8558032933774326,3.822982346766882,17.213902935465164,0.0,0.9825059759471536
44,AV,low_quality,0.5192307692307693,0.9252541551257268,1.1061211805220381,2.349005298380444,0.0,0.8632934347770889
44,MV,high_quality,0.39285714285714285,0.9045233835849362,0.9346264404699324,3.2108244640149053,0.0,0.8412704732710866
44,PV,high_quality,0.75,0.9337110746961986,1.2399995162345523,1.7663400082052458,0.0,0.8543175337559203
44,TV,high_quality,0.28888888888888886,0.9724986294833018,-1.2419356299287325,3.502595605488687,0.017757252504227918,0.2616524197074128
45,AV,uncertain,0.5208333333333334,0.7824295283205317,0.5888190520718639,2.280959629772238,0.0,0.1870600743196409
45,MV,high_quality,0.5087719298245614,0.817226746866766,3.58983481161629,16.4133214294783,0.0,0.9389774807103
45,PV,high_quality,0.4307692307692308,0.8235784756541062,-0.8607353351253877,3.730543211534627,0.0,0.616709472790141
45,TV,high_quality,0.1282051282051282,0.9526730705664909,-0.46288178709122435,15.381866953454011,0.01554939028324408,0.3848578927429879
46,AV,uncertain,0.31746031746031744,0.9502640551250099,0.7496471908351279,6.67570612951897,0.0013659425003252244,0.2919445591542629
46,MV,uncertain,0.34545454545454546,0.9250249019561005,0.44081824700098354,2.445961140298083,0.0,0.32776348130024413
46,PV,low_quality,0.058823529411764705,0.9316582744429818,0.3170644720051299,2.0950149040445636,0.0,0.32278696686998654
46,TV,uncertain,0.5416666666666666,0.9257404220389561,0.736268912199027,1.7549438874560943,0.0,0.2539313952334763
47,AV,high_quality,0.6060606060606061,0.8396893499734022,0.12857764924162338,-0.620694412901039,0.0,0.15174991949230177
47,MV,uncertain,0.3055555555555556,0.8853900564703966,-0.8909295397029785,1.5537925905012058,0.0,0.29423824376070584
47,PV,high_quality,0.5882352941176471,0.9083724683268299,-0.3020319712434761,4.740094649592675,0.016261220241966957,0.17532113983271802
47,TV,high_quality,0.5272727272727272,0.941098890495677,0.060403601339788705,-0.08636914385583871,0.0,0.385277985189427
48,AV,high_quality,0.4909090909090909,0.866031353970689,0.7736450050791837,2.641888933246701,0.0,0.8590671057056524
48,MV,uncertain,0.5853658536585366,0.7798100718080785,0.14295276562630657,8.146092273117713,0.0,0.5023281451408403
48,PV,low_quality,0.2978723404255319,0.7659696770843998,0.49039071738063544,5.520794305117974,0.0,0.8821599265163371
48,TV,high_quality,0.3541666666666667,0.8404288973704704,2.0197787122065423,8.680432638165827,0.0,0.8833435509746701
49,AV,high_quality,0.41935483870967744,0.4901734642172505,0.18567781116786658,2.554861828046308,0.0,0.26226067315294044
49,MV,uncertain,0.5540540540540541,0.5759234104377414,3.051153720071642,13.209047780336686,0.0,0.9643458652527475
49,PV,high_quality,0.4794520547945205,0.6051228402102244,-0.21589245283073508,2.264765734175243,0.0,0.5996428827315226
49,TV,high_quality,0.6481481481481481,0.5598488090979686,1.7370967962908344,4.258534932531429,0.0,0.6119335426296718
4,AV,high_quality,0.46153846153846156,0.8598103383246076,1.083957908931685,3.266591852890971,0.0,0.755434180483461
4,MV,low_quality,0.1590909090909091,0.9552330947757618,-0.4179061377971131,3.368616074490121,0.0,0.3559343791655212
4,PV,high_quality,0.9692307692307692,0.9819019689073906,-0.2550643730234948,1.0843544530997091,0.0,0.8310026616576723
4,TV,high_quality,0.6904761904761905,0.9285143601651054,0.7514475477450293,1.7538825825432358,0.0,0.5885793337098548
50,AV,high_quality,0.5576923076923077,0.7559893553214411,-0.14046473200282636,0.8249193330399271,0.0,0.4742265269424737
50,MV,low_quality,0.9117647058823529,0.7109756240902967,-0.06698435750358131,2.074270592896247,0.0,0.7725518032489594
50,PV,low_quality,0.5,0.6741569541619696,2.3194430843287046,8.82945796109754,0.0,0.8982250837129655
50,TV,low_quality,0.6190476190476191,0.7787664684095981,0.654013830347729,1.4389239857976222,0.0,0.5020243711160615
51,AV,low_quality,0.3384615384615385,0.9616513007109473,-0.1135375847862985,-0.8905788203229736,0.017497072980356444,0.4038247197096244
51,MV,low_quality,0.4375,0.8534863838302671,-0.38314246785190287,0.18537638213995855,0.0,0.3401136805098838
51,PV,low_quality,0.4807692307692308,0.8463900760044175,-0.0005448034892592802,-1.4193488314272849,0.0,0.29168842097279857
51,TV,low_quality,0.5967741935483871,0.9320871330259111,-0.09255462930368918,-0.875190705773945,0.014635098217770261,0.34523262072409155
52,AV,uncertain,0.44285714285714284,0.9603391078932705,-0.6191567600815651,0.137484960379318,0.011968258098087681,0.46754864356286063
52,MV,uncertain,0.46153846153846156,0.9062579481020658,-0.6996687174197499,0.8857798126947114,0.013334200598412905,0.2951145170654732
52,PV,high_quality,0.23636363636363636,0.923989970111769,0.18559906758397707,-1.248254915171054,0.09698996655518395,0.17821594882295455
52,TV,high_quality,0.3384615384615385,0.9448584345047982,-0.35420494079769066,-0.17759144486895861,0.021334720957460647,0.3405843216184963
53,AV,low_quality,0.6428571428571429,0.8795468245534527,-1.7107205465765356,5.759189407480783,0.0,0.35849958469087295
53,MV,uncertain,0.7659574468085106,0.535912517208807,0.3111111173690381,2.205110898971755,0.0,0.637760182633279
53,PV,low_quality,0.65625,0.7695611859125165,-0.6712125169143476,1.5868605895050347,0.0,0.8278594074387116
53,TV,low_quality,0.6557377049180327,0.5770458576400251,1.468134739008211,5.287063187449299,0.0,0.5866596302016112
54,AV,low_quality,0.8775510204081632,0.8637609124062956,0.23781001410948996,3.245682008573784,0.0,0.3697288878364341
54,MV,low_quality,0.9545454545454546,0.8886818053512185,2.5292224298517954,8.62849885479698,0.0,0.9391505935801634
54,PV,low_quality,0.9772727272727273,0.8187771450036594,0.7377205934664824,3.766592430409508,0.0,0.7810935117416073
54,TV,uncertain,0.8076923076923077,0.7674876686319644,0.07590463494917661,-0.057743644897528146,0.0,0.2917719413716392
55,AV,high_quality,0.8115942028985508,0.9343980681172138,-0.7584851871790469,0.5302478511360218,0.0,0.8067709130955194
55,MV,low_quality,0.6909090909090909,0.979247049484734,0.559803079160442,0.9371088362703994,0.0,0.8223659326557025
55,PV,uncertain,0.5142857142857142,0.9882147066767362,-0.2844173576314738,1.4640334746182733,0.0,0.885469783865966
55,TV,uncertain,0.6415094339622641,0.9753721823258635,-0.5530181551677299,0.7976937355433935,0.0,0.6026173937318915
56,AV,low_quality,0.7142857142857143,0.978786547367339,1.5172037422192393,3.022318681545939,0.0,0.8737966359039115
56,MV,low_quality,0.3333333333333333,0.9629510841469774,2.5052726998233568,6.667659751041487,0.0,0.9689971167031668
56,PV,uncertain,0.9285714285714286,0.8745580673640306,-2.1166428245793245,6.662437639744459,0.0,0.942056922523597
56,TV,low_quality,0.4583333333333333,0.8491484526804872,-0.48284388154920493,1.0497580856286808,0.0,0.5156304736620727
57,AV,low_quality,0.5531914893617021,0.7034290824418413,1.0292973920452553,1.48472881834293,0.0,0.2743075151704538
57,MV,uncertain,0.6923076923076923,0.7405779181256964,0.6385666301986865,2.203608172878858,0.0,0.4406235868987367
57,PV,uncertain,0.3793103448275862,0.8296482759513212,0.5618069188616284,0.7777798560305476,0.0,0.6659262400402381
57,TV,high_quality,0.56,0.7628150330543847,0.7540298529525125,2.5113892137814418,0.0,0.7048637791099891
58,AV,low_quality,0.5319148936170213,0.9311978046729107,1.8527921642867444,7.401515614465239,0.0,0.4141653430547729
58,MV,low_quality,0.43137254901960786,0.8360452395926186,-0.06191125044311644,-0.4487188363645864,0.0,0.3153881468767318
58,PV,uncertain,0.5,0.8995812210755061,0.6348602072099374,2.283159611096445,0.0,0.3778575839512661
58,TV,uncertain,0.5961538461538461,0.8742432806444675,-0.8337503338995594,1.5995455347678487,0.0,0.3926644406450974
59,AV,low_quality,0.803921568627451,0.9612560724125786,0.765336349537536,1.113186469870226,0.0,0.7835304880546154
59,MV,low_quality,0.6976744186046512,0.8080752022734037,1.170027218368602,3.4335108950600866,0.0,0.8574735798389332
59,PV,low_quality,0.8409090909090909,0.743182312328869,0.1644448718154979,0.9482374396646547,0.0,0.6353356601530553
59,TV,uncertain,0.8863636363636364,0.8529553462597903,0.2338689390978126,1.5767411587828946,0.0,0.527144739978153
5,AV,uncertain,0.7692307692307693,0.8767700133595633,0.38255584149854477,1.5177729658327568,0.0,0.572344461668234
5,MV,high_quality,0.42857142857142855,0.7322835215587157,-0.0631209231461815,0.3156622162952778,0.0,0.39457184608724893
5,PV,high_quality,0.5517241379310345,0.7920741079749519,0.8986155329302403,2.263470322424179,0.0,0.5847608845429444
5,TV,high_quality,0.4222222222222222,0.852919484488273,-0.9805190314610963,0.7011314268579381,0.0,0.39693679930760506
60,AV,uncertain,0.5909090909090909,0.7759074055836217,-0.14007286038524666,0.17926315530218195,0.0,0.42151461036396287
60,MV,uncertain,0.8787878787878788,0.6784147756224149,-0.7646465785761822,3.5813175586286503,0.0,0.6151616457451965
60,PV,low_quality,0.5892857142857143,0.7248807374354567,-0.09433550374697212,-0.028951171110251916,0.0,0.16147104459514994
60,TV,uncertain,0.5116279069767442,0.5868750492374579,-0.38941174297205217,0.4499180768249347,0.0,0.38636603151699245
61,AV,low_quality,0.5352112676056338,0.8926645068455972,-0.2500933311290272,-0.5242397161351957,0.014960322622609601,0.3810357854904288
61,MV,high_quality,0.34545454545454546,0.9613463230014325,-0.43183323775179333,-0.9004435709744585,0.07031351632626512,0.27164458264834657
61,PV,uncertain,0.7954545454545454,0.668881444263788,0.24516554986421477,-0.7280226040376503,0.0,0.31712471544496
61,TV,high_quality,0.2962962962962963,0.9141289134262743,0.0012673623835950493,-0.5104391459164996,0.024685448577680524,0.2140357290016468
62,AV,uncertain,0.49230769230769234,0.91274711030926,0.1793219056041804,-0.6117303360030344,0.033368023936516195,0.22485827812067405
62,MV,high_quality,0.6458333333333334,0.892367478441016,-0.5899905977676088,0.8567467478410946,0.05307662286978015,0.15959884337175578
62,PV,uncertain,0.4,0.9218618585346156,-0.24550351614753033,-0.8570386193926884,0.024782099648757643,0.4426726901167859
62,TV,uncertain,0.5135135135135135,0.9540735942272006,-0.18445816575539,0.6141450293955368,0.0,0.6953498735111026
63,AV,uncertain,0.46551724137931033,0.7559724199798677,-0.3879262078415206,0.1918778673000805,0.0,0.1551827048106883
63,MV,uncertain,0.30952380952380953,0.8027532642861349,0.6741221306786016,1.552217130316297,0.0,0.7780956959202978
63,PV,low_quality,0.4444444444444444,0.6556631445514975,-0.07997330076153593,0.45137733635914357,0.0,0.539447178165211
63,TV,low_quality,0.4444444444444444,0.6634210444215457,-0.00786994509015403,-1.1178518454143138,0.0,0.7300405502647997
64,AV,low_quality,0.6190476190476191,0.8685264119186324,-1.2009562072949485,1.9307896601667203,0.0,0.4054928571325058
64,MV,uncertain,0.43283582089552236,0.8831534191794481,-0.1381768187818235,0.5146590137428744,0.0,0.3300867996679804
64,PV,low_quality,0.5409836065573771,0.9429849012049368,-0.5729429799532244,-0.27073102130581184,0.0,0.3933960181624403
64,TV,uncertain,0.45614035087719296,0.9114699469835261,-0.32910610496305226,-0.6696163542764135,0.013399245479380774,0.2619515707791161
65,AV,low_quality,0.5087719298245614,0.9411114670220851,0.6483536147285485,1.6933319649283884,0.007545206192272668,0.2776797154655515
65,MV,uncertain,0.7027027027027027,0.8133647912435437,-1.9058724707069152,14.753650305088605,0.0,0.3592070428328852
65,PV,low_quality,0.5294117647058824,0.8092163971776776,0.2760361406365291,-0.2726378039982902,0.0,0.27064087972146733
65,TV,uncertain,0.41935483870967744,0.6388464733409507,2.7907331646634552,7.729889579779517,0.0,0.20151737070376463
66,AV,uncertain,0.5573770491803278,0.9407745126032886,-0.25416156440189164,-0.9551965893499741,0.09899830883309484,0.3721218461809497
66,MV,low_quality,0.44680851063829785,0.8555492762110609,-1.6769708181116845,8.511644044148724,0.0,0.15803496836532338
66,PV,low_quality,0.4339622641509434,0.8763517773002086,-0.35871736290804945,0.30293450262688815,0.06296344477689605,0.15951587977246062
66,TV,low_quality,0.06060606060606061,0.7227193153534729,-1.4035156004007145,5.816945560215116,0.0,0.20841593208587306
67,AV,low_quality,0.4225352112676056,0.959693477734743,-0.15126391579613835,-0.5532721048453584,0.028985507246376812,0.6293796359425876
67,MV,low_quality,0.543859649122807,0.8218648150322145,-0.053257898059469205,0.8789271259452454,0.0,0.25130453125104335
67,PV,uncertain,0.5277777777777778,0.966141636652016,-2.4941160114121743,13.931784506404007,0.0,0.2994942175354429
67,TV,uncertain,0.4918032786885246,0.742545194280554,0.316317359370064,0.23044744199510747,0.0,0.31374953444111997
68,AV,low_quality,0.5230769230769231,0.9597891445393694,-0.3738524745994132,-0.4296280722814192,0.031937036555223106,0.29924088295347673
68,MV,uncertain,0.5396825396825397,0.9598833148421622,-0.32509732053375145,0.15092048922630275,0.0008455834525822818,0.4678006386913589
68,PV,uncertain,0.36666666666666664,0.952784759678471,0.059420137185639495,-0.5348286853754907,0.0059841290490438405,0.4989228961395845
68,TV,low_quality,0.4153846153846154,0.9701850589657225,-0.1839714721606641,-0.5824557086821298,0.007285026668401197,0.486571081482428
69,AV,uncertain,0.05172413793103448,0.9149991649146282,-0.10656240582700072,-0.44859957274147755,0.010927540002601795,0.30006214784169416
69,MV,low_quality,0.421875,0.9497509618564325,-0.05477954146675913,-0.31089952048002534,0.002666840119682581,0.43337803253724494
69,PV,high_quality,0.4696969696969697,0.9783237207038044,0.13898060391793138,-0.4245883315332146,0.0,0.4139078090943773
69,TV,uncertain,0.4461538461538462,0.8710104311423423,-0.2700818677248996,0.3207608029359519,0.0,0.5553567995257751
6,AV,high_quality,0.6842105263157895,0.8662766212704108,0.06595247109033182,9.921335278395095,0.0,0.7742729032424709
6,MV,high_quality,0.9333333333333333,0.7459161247555091,-0.7869445192105287,3.7578499863853283,0.0,0.9251438126857032
6,PV,high_quality,0.9166666666666666,0.9130475361604778,-1.5236395485008454,4.053771755472057,0.0,0.958680440568772
6,TV,high_quality,0.6379310344827587,0.8959376640191916,-0.2507753614956428,1.2064490361067746,0.0,0.7061989599775025
70,AV,low_quality,0.38095238095238093,0.9741584429516226,-0.19482438530128987,-0.7418341516603468,0.0,0.28409645755534996
70,MV,uncertain,0.6610169491525424,0.974586266943338,0.13743058554813728,-0.546007394314266,0.0063093534538831795,0.3123002993003764
70,PV,uncertain,0.296875,0.9703236784822225,-0.2907048898800201,-0.9291568412086457,0.04826330167815793,0.34219068866974833
70,TV,uncertain,0.46774193548387094,0.9438766469519512,-0.318614173748374,-0.19527990045763666,0.07590737608950175,0.2799010124053998
78,AV,uncertain,0.1896551724137931,0.9385650631003953,-0.4481485220370063,1.5877478647897334,0.01554572655132041,0.1877205469024924
78,MV,uncertain,0.546875,0.7851195160746524,-0.46288066310948744,0.21025850750589914,0.0,0.2900031109843205
78,PV,high_quality,0.5606060606060606,0.8479322257101342,-1.5814706285532303,2.340784933835656,0.0,0.13908400451772285
78,TV,high_quality,0.3582089552238806,0.9119342307900751,-0.5613019218827162,0.3172769671241844,0.001311561413863204,0.2418238961022423
79,AV,uncertain,0.14634146341463414,0.9493576945322003,0.35513241966239406,4.721153007876078,0.0,0.3142768488636377
79,MV,high_quality,0.46296296296296297,0.9457377801473918,0.7860541509922887,4.801339050886339,0.0,0.26340858971258996
79,PV,uncertain,0.5072463768115942,0.7159996124986708,0.9883501241749253,2.9490421470787176,0.0,0.8107788442962136
79,TV,high_quality,0.4925373134328358,0.8306845893935164,-0.23364580224367154,1.4944355472273436,0.0,0.7470065170687947
7,AV,high_quality,0.45098039215686275,0.6894909011205981,1.2199603806838586,2.116525065542362,0.0,0.6315895648675778
7,MV,high_quality,0.7254901960784313,0.8095197486435215,-0.09033966046650507,2.3429855155542434,0.0,0.766818190645753
7,PV,high_quality,0.47058823529411764,0.7102170481188089,1.5638436588974192,5.049640246403932,0.0,0.6729129266702293
7,TV,uncertain,0.4,0.7523980799551856,-0.07433424013811889,0.7741863565813785,0.0,0.596926393086252
80,AV,uncertain,0.3875,0.9856249466258562,-0.5419388335564042,2.5779558807010714,0.007610251073240536,0.5359502932334987
80,MV,high_quality,0.6428571428571429,0.7012324780137695,-0.5360220080938816,2.0222691385058686,0.0,0.29375012055341154
80,PV,uncertain,0.47540983606557374,0.9408236779216704,-0.07531568670682179,-0.1423445859771002,0.0,0.6916724395170091
80,TV,high_quality,0.5178571428571429,0.8661748720662111,0.031476638122237534,0.4914420335713223,0.0,0.4580697048529805
81,AV,low_quality,0.35714285714285715,0.5152443210825491,-0.6425647635489684,0.059513800411516105,0.05997138025237414,0.16481934564643874
81,MV,uncertain,0.31666666666666665,0.9404963406836603,-0.4710596194026381,-1.0654875486199074,0.07337062573175492,0.37989303627497906
81,PV,low_quality,0.1,0.729082306637812,-1.0735863807628259,7.131880588266677,0.02276570833875374,0.21268995094419174
81,TV,uncertain,0.8214285714285714,0.8539837484970132,0.8861307706944496,1.8273317079216245,0.0,0.4001963316910786
82,AV,low_quality,0.43859649122807015,0.7361957903233046,0.7888476424429998,1.3548299357725924,0.0,0.5044614480929066
82,MV,uncertain,0.576271186440678,0.7372922466287046,-0.23922202596762304,-0.053386462539938506,0.0,0.22440462880415213
82,PV,high_quality,0.6382978723404256,0.6996551414538337,0.03395514360422294,-0.25688516076465273,0.0,0.3381272890801269
82,TV,uncertain,0.39285714285714285,0.8201232977349683,-0.5858204916573477,1.4595189448835288,0.039417197866527906,0.28555295821922655
83,AV,low_quality,0.47761194029850745,0.9522256255569632,-0.04334386343677023,-0.6181528503452736,0.03785612072329907,0.3110860110077176
83,MV,low_quality,0.5818181818181818,0.8366334085396858,-0.6377769872866341,0.8475963286980779,0.023481202029400287,0.2232052318452179
83,PV,low_quality,0.5454545454545454,0.8444172928507386,-0.6335323729662129,0.5373138092617746,0.011447899050344738,0.17387751973086785
83,TV,uncertain,0.23404255319148937,0.9362801816616055,-0.43214008694371325,0.20714126478508676,0.011643033693248341,0.23981094925126611
84,AV,high_quality,0.36,0.9593521162506109,0.12903670863955793,0.1677778179069649,0.09626642383244438,0.16740657600665787
84,MV,uncertain,0.6071428571428571,0.8452117592881103,-0.3759329115248211,-0.010099319828895226,0.0,0.20863019435039165
84,PV,high_quality,0.42592592592592593,0.9513304420438764,0.19024914452615704,0.686972782785912,0.013139065955509302,0.18223415745302163
84,TV,uncertain,0.31666666666666665,0.8997012797264479,-0.460042352217418,-1.1505262042064976,0.08267231947483589,0.33174064088710087
85,AV,uncertain,0.36764705882352944,0.8682979754163499,-0.21193311844034282,-0.6911775940889049,0.05971120072850267,0.17597259945331922
85,MV,uncertain,0.5,0.9178051461929846,-0.08161757169670897,-0.09175150443345581,0.0012358527383894888,0.18216501476262603
85,PV,high_quality,0.5737704918032787,0.835859178592151,-0.1999684431984207,-0.8340135618612412,0.025042279172629113,0.14277362811293903
85,TV,uncertain,0.5344827586206896,0.7838991094369868,-0.8769872907265867,1.0515426771700342,0.03240897687978846,0.24327932782834416
86,AV,high_quality,0.5294117647058824,0.9403317396121033,0.1329561414038141,-0.10997869574193553,0.0,0.27029012663606655
86,MV,uncertain,0.5303030303030303,0.9594731261733969,-0.4053772000865251,-0.47325993396847243,0.036750357746845326,0.5038450894183714
86,PV,uncertain,0.6333333333333333,0.9437228384884597,0.08793731034674854,-0.021970829334907016,0.0,0.25225674200146253
86,TV,uncertain,0.36507936507936506,0.9381193137585477,-0.05217421796884965,-0.1681330897955302,0.0,0.2759432106365699
87,AV,low_quality,0.5,0.9458756708170352,-0.45028211832157355,0.21300722602616595,0.028944972030701184,0.21637378978634703
87,MV,low_quality,0.4166666666666667,0.9160735199362191,0.25206404892607764,-0.49740732895468476,0.006829712501626122,0.25323857226349933
87,PV,uncertain,0.44642857142857145,0.9247497151809805,-0.1420329351154205,-0.22549032178904937,0.0,0.2055214154078676
87,TV,low_quality,0.49206349206349204,0.937940723007438,-0.1095230363918913,-0.29797019586378504,0.0005203590477429426,0.20885702922298177
88,AV,uncertain,0.6666666666666666,0.9307198603957141,-0.4987797682798962,0.31801898996384814,0.0,0.21659626344313498
88,MV,high_quality,0.3793103448275862,0.9409964403651696,-0.2545876800378972,-0.3494356873108355,0.016001040718095487,0.198834729344173
88,PV,low_quality,0.5166666666666667,0.7839192175227604,0.6699889838705645,1.8585271026380905,0.02179003512423572,0.18631856149905357
88,TV,uncertain,0.11475409836065574,0.8305847004698894,-0.564415748343252,0.550060880019736,0.0,0.22479657791639485
89,AV,uncertain,0.5079365079365079,0.9801053937545794,-0.2976473004731088,-0.18311931860213893,0.002666840119682581,0.2668413995468608
89,MV,uncertain,0.4084507042253521,0.9620830563036101,0.2829189120685567,-0.11018671763553645,0.0,0.30873815149835815
89,PV,uncertain,0.352112676056338,0.9639843391025648,-0.4295242538292602,-0.5334461672356108,0.005268635358397294,0.5733676081158117
89,TV,low_quality,0.4918032786885246,0.9795089461676957,-0.03971267349635511,-0.3316492275966336,0.009691687264212306,0.21533069118171744
8,AV,high_quality,0.44285714285714284,0.8481745896311017,0.5697297990718577,1.281487293313445,0.0,0.8405337612034074
8,MV,high_quality,0.9714285714285714,0.7719121901399065,-3.6578016841822825,17.16260302192994,0.0,0.8967603730588131
8,PV,high_quality,0.38461538461538464,0.8653224990486068,-0.3368789952287354,1.0006972560620637,0.0,0.8394175866193776
8,TV,high_quality,0.42028985507246375,0.8738114633308729,0.03322759580115158,1.08235677175211,0.0,0.7947163046796494
90,AV,low_quality,0.3787878787878788,0.9247747699442208,0.27766432361268606,-0.03253043098268549,0.0,0.3577743728554803
90,MV,uncertain,0.4576271186440678,0.955230468550396,0.06090430178542986,-0.3338980146954995,0.0,0.6455732144372571
90,PV,uncertain,0.13513513513513514,0.9812005946445861,-1.3294371803412528,2.6565315950226367,0.0,0.30970806170160725
90,TV,uncertain,0.36666666666666664,0.9346930396031964,0.2158098703487673,-0.25614945215717544,0.0,0.22952934443790385
91,AV,uncertain,0.484375,0.928405503155398,0.04771712351828757,-0.03933830122486537,0.0,0.25215243374547425
91,MV,uncertain,0.5064935064935064,0.9855134606607527,0.20125584639970545,-0.1635783557837196,0.0031477473932716897,0.3100264525140589
91,PV,low_quality,0.5555555555555556,0.9213209349440223,0.21138099995519427,-0.29880937600258584,0.0,0.28769822554404634
91,TV,uncertain,0.5333333333333333,0.9153784601878981,0.39309107418265743,-0.2897678913771857,0.0,0.2947036284330333
92,AV,uncertain,0.5,0.9297916095130765,-0.14911603337525953,-1.1246559841085757,0.06315857941979966,0.25077735613020813
92,MV,high_quality,0.3709677419354839,0.9565902854140438,-0.820146801551162,-0.4826387482567638,0.09379471835566541,0.28452629927464146
92,PV,high_quality,0.49122807017543857,0.8934271662967213,-0.7683000466735623,-0.07021600414996598,0.04969428905945102,0.2676760264719046
92,TV,high_quality,0.39215686274509803,0.9555460528272186,-0.18822845274646197,-1.2874592718792783,0.08085078704305972,0.22233302776546437
93,AV,high_quality,0.25396825396825395,0.9650594145819659,-0.015038556380162821,-0.9497384327580858,0.08163132561467412,0.22181251393894597
93,MV,low_quality,0.49206349206349204,0.8601510510738883,1.0955093788480494,1.6894714586335642,0.025627683101339924,0.1633671764131588
93,PV,low_quality,0.5,0.7299651681442265,-1.003904756805242,2.5118208951200502,0.0,0.21835588234726677
93,TV,low_quality,0.36231884057971014,0.9160942444150612,-1.1758814346812103,1.0966058952598212,0.0,0.2651727400138183
94,AV,low_quality,0.423728813559322,0.9034853458982591,-0.37546599995728247,0.4560950975806377,0.0,0.21289129135501872
94,MV,uncertain,0.5964912280701754,0.9618455596057671,-1.0676441590632706,2.1378228054658646,0.08117601144789904,0.2738379785865679
94,PV,uncertain,0.5238095238095238,0.952967704050498,-0.8313897835454268,0.3922172457195101,0.0,0.25078558748789337
94,TV,low_quality,0.4411764705882353,0.8961246729958611,-0.06732912814029056,-0.02001826871161949,0.009236373097437231,0.17185297216617734
95,AV,low_quality,0.48148148148148145,0.9274453814225376,-0.23349549055703342,0.10474712412977594,0.0,0.23743922867978606
95,MV,uncertain,0.5614035087719298,0.9834257659358392,0.24245616127993946,-0.5439882639581679,0.0,0.2642392333166804
95,PV,low_quality,0.453125,0.9608715390841321,0.1733923107894764,-0.07734973370082932,0.0,0.24149242241202618
95,TV,uncertain,0.4925373134328358,0.9654497616271273,-0.3546246601924026,-0.2517504823788972,0.0,0.24520311373094483
96,AV,low_quality,0.5151515151515151,0.9527603149983963,-0.24143424359289806,0.0823633326260258,0.012358527383894887,0.25259111253673816
96,MV,uncertain,0.14,0.9721011687131663,-0.21813455601782022,-0.004153364974092355,0.04364511512943931,0.20416505508566818
96,PV,low_quality,0.49122807017543857,0.9506728937718468,-0.38910817933493946,1.0277577652735914,0.019838688695199686,0.18682116300433171
96,TV,low_quality,0.3333333333333333,0.963533480898691,-0.4423253142060477,-1.0853471744668874,0.11486925978925458,0.23054129311156257
97,AV,high_quality,0.5849056603773585,0.9224436177457629,0.24753003536912893,1.6720779604281866,0.0,0.2871874827721038
97,MV,low_quality,0.6,0.976853402004837,-1.3080884916257085,1.4834242254965844,0.0,0.16499889191016814
97,PV,low_quality,0.7894736842105263,0.8772814396510771,0.16861930793460506,5.105514870847957,0.0,0.4748344350492478
97,TV,low_quality,0.625,0.9740336552136424,-0.05171917615359607,0.08741937675625433,0.0,0.39447929069778653
98,AV,uncertain,0.08333333333333333,0.5393229143352676,0.03906133774055292,-1.3692346440104235,0.002601795238714713,0.5477126708805076
98,MV,uncertain,0.7083333333333334,0.7910537698985557,-0.8188444865339958,0.31553052730749664,0.0,0.2569131834600775
98,PV,low_quality,0.2602739726027397,0.8570689710943996,0.4651269767373943,0.4842807586457032,0.05171068036945493,0.3045907400358804
98,TV,low_quality,0.8372093023255814,0.842309552101326,-0.23571366855429285,0.980010020433506,0.0,0.3018386191427269
99,AV,uncertain,0.2391304347826087,0.9408837389341662,-0.65991661338912,0.288465192834503,0.0,0.2548517362716227
99,MV,low_quality,0.6140350877192983,0.8421049116678385,-0.17872969652581014,-0.08491991992296377,0.012488617145830622,0.15115832939701468
99,PV,low_quality,0.6349206349206349,0.8061074517762693,-0.6183004495843691,-0.21413361184925872,0.0,0.12438296365946189
99,TV,low_quality,0.09523809523809523,0.9354749872200862,-0.9320969772886539,0.7068891114935432,0.11623520228957981,0.1265476483675544
9,AV,uncertain,0.4727272727272727,0.7370295971052861,-0.28587014243097264,0.4095020447068318,0.0,0.40468818586764865
9,MV,high_quality,0.6111111111111112,0.6481947010591049,0.4670492791869062,9.797220128896422,0.0,0.4356205430485369
9,PV,high_quality,0.5571428571428572,0.7910097555597838,-0.6939479247860529,2.260409358577723,0.0,0.8235942935926518
9,TV,high_quality,0.5,0.8175196462703135,0.964697474571567,3.0089672089682145,0.0,0.7342601282169968
145,AV,uncertain,0.7115384615384616,0.9481052318211127,-1.2010044277797136,2.292767480301653,0.0,0.16056691273485102
145,MV,uncertain,0.6415094339622641,0.8035255768700907,0.06653168466811578,-0.36775570581021544,0.020620257340811615,0.4017748472928875
145,PV,high_quality,0.7872340425531915,0.9468297224898382,-0.20235346981235736,2.119573091847439,0.022373265363919568,0.3782351218958301
145,TV,high_quality,0.8723404255319149,0.9087958418976726,-3.060541081079315,13.784572084971785,0.0,0.8783185420046403
146,AV_2,high_quality,0.3333333333333333,0.9248215817231232,-3.0357907528551764,15.91556261375457,0.0,0.24798281885931217
146,MV,high_quality,0.5333333333333333,0.67642498488362,0.17320801741187436,0.9226204335674306,0.0,0.5327946414120794
146,PV,high_quality,0.576271186440678,0.7940392251750557,-0.29401777228538123,-0.11225335962451277,0.0,0.2918128679796699
146,TV,high_quality,0.5,0.7200795090527151,0.40726423795597105,0.9626972475459494,0.0,0.8649660700177488
147,AV,uncertain,0.18181818181818182,0.9654977338638844,0.8981602024258546,1.9071525218745222,0.0,0.8931894105422786
147,MV,high_quality,0.02,0.8322711853416894,-4.198517671293478,19.299626754552598,0.0,0.83393994452487
147,PV,high_quality,0.8888888888888888,0.9335224354178835,0.29621028612672,-0.1251353535459958,0.0,0.8512657571643697
147,TV,high_quality,0.43859649122807015,0.9237622222105553,1.2685128986660237,2.8158652152277552,0.0,0.8969887396041548
148,AV,high_quality,0.7837837837837838,0.7539989308090989,0.42452447255956616,0.2224136283907754,0.0,0.4312085409404327
148,MV,high_quality,0.15151515151515152,0.9509383034268527,2.119546189065735,6.238590631456876,0.0,0.8639135427463869
148,PV,high_quality,0.4067796610169492,0.7887170278418836,0.2899573689087846,0.1408066095273175,0.0,0.7625046411728977
148,TV,high_quality,0.6341463414634146,0.9461947839319685,-0.06249378992594065,1.0743098858383924,0.0,0.5573024643002068
149,AV,low_quality,0.6521739130434783,0.8520831316761815,-2.045632440010424,4.02753369080954,0.0,0.3694441562841926
149,MV,uncertain,0.6666666666666666,0.6387220460326987,-0.15943931010972406,0.2639458533640049,0.0,0.36746495714023697
149,PV,high_quality,0.19298245614035087,0.9283836775678453,-1.5094951910697099,3.4962210652848427,0.0,0.9236594936635713
149,TV,high_quality,0.631578947368421,0.9011673513394843,-0.2621618804585622,0.25364235444619077,0.0,0.25981078104919897
150,AV_2,high_quality,0.5,0.5876156953566897,-0.03768898108757537,1.5925170529279908,0.0,0.25251113993726126
150,MV_2,high_quality,0.36363636363636365,0.6717438452144704,-0.571813703177297,8.346775771496546,0.0,0.9360540820569326
150,PV,high_quality,0.3877551020408163,0.722331644659036,-1.0072590249487887,2.606588144834279,0.0,0.32581916282403145
150,TV,high_quality,0.4489795918367347,0.9130132782421646,-0.35942846542685825,0.5375605556282794,0.0,0.18596774358625157
151,AV,high_quality,0.4528301886792453,0.9825125824682255,1.0841751542037692,1.8219192038699745,0.0,0.9463788433589768
151,MV_2,high_quality,0.7380952380952381,0.9717438655889428,1.3007712476019906,2.0481073414033046,0.0,0.9554197913912097
151,PV,uncertain,0.8181818181818182,0.98683235554388,-0.5085597433758873,1.224182934413884,0.0,0.8992697981617839
151,TV,high_quality,0.43333333333333335,0.962509294834159,-0.2721514749843696,1.9793555678861354,0.0,0.8711435349835694
152,AV,high_quality,0.16363636363636364,0.984369844018503,1.466863802881315,3.226601652954031,0.0,0.8397641461029673
152,MV,high_quality,0.6923076923076923,0.9147447350884909,1.9942964390311813,8.418642972173801,0.0,0.8479456387937921
152,PV_2,high_quality,0.8108108108108109,0.9035644280444981,-0.9072619968986098,1.381621268449937,0.0,0.6102854510101718
152,TV,high_quality,0.868421052631579,0.9385334869724947,-2.2147794367980933,6.4594838319852474,0.0,0.8879659854635611
153,AV,uncertain,0.6410256410256411,0.9512524550453129,0.43676405919425426,0.47467671579316173,0.0,0.6072923017246356
153,MV,high_quality,0.4,0.7612337939894772,-1.2783162717282472,9.980405961951076,0.0,0.8489039735522612
153,PV,low_quality,0.06896551724137931,0.971592413305718,-0.8948644630876775,2.347300881125757,0.0,0.6850749394599059
153,TV,uncertain,0.16666666666666666,0.9446109900773717,-3.037868659961861,10.953392096137053,0.0,0.9487716635255339
154,AV,high_quality,0.8780487804878049,0.8710814985768353,0.46792473256594574,0.7193090319632636,0.0,0.5347567775326331
154,MV,high_quality,0.9,0.8936108407663401,0.704558049172216,1.6642230274420973,0.0,0.6678196623573074
154,PV,high_quality,0.5151515151515151,0.8099116741277271,-2.165644781209517,21.332076036079112,0.0,0.8120650251086443
154,TV,high_quality,0.972972972972973,0.8244109393272527,2.943282868609544,10.979681567149779,0.0,0.943017808352182
155,AV,high_quality,0.7435897435897436,0.9093135127066598,0.16834739594801237,1.739707651898689,0.0,0.7077051189292567
155,MV_2,high_quality,0.6,0.9273013192614037,-2.829675308170272,9.97913328987484,0.0,0.8779827973154626
155,PV,high_quality,0.5925925925925926,0.9070905604330505,-0.5636894969294277,0.8395733963750986,0.0,0.6145302471166036
155,TV,high_quality,0.21428571428571427,0.8448962343655618,-2.1778468813567327,8.441569555875944,0.0,0.9022513876890083
156,AV,uncertain,0.9534883720930233,0.9775359351549422,-0.765186207632153,1.2359035794565747,0.0,0.524608959649511
156,MV,high_quality,0.9761904761904762,0.8658320181036018,2.6649380723790177,6.6187081390743945,0.0,0.952621019669499
156,PV,high_quality,0.6792452830188679,0.8518552058188562,0.0714491095166701,-0.2740837348542553,0.0,0.6815934381522268
156,TV,uncertain,0.926829268292683,0.8745652410757875,-0.20954842459381787,9.26785922524957,0.0,0.8529295721853818
157,AV,high_quality,0.6486486486486487,0.969117208379706,0.4885288496999406,4.029700703524436,0.0,0.7738905026829868
157,MV,high_quality,0.21428571428571427,0.915658438552511,3.390257309816906,12.441537073633896,0.0,0.9328863507211775
157,PV,high_quality,0.46808510638297873,0.9000072444828421,-0.5262194294947234,4.73308458932635,0.0,0.8678611581378085
157,TV,low_quality,0.3958333333333333,0.9269147466902798,-1.2873314516423149,6.904623559066204,0.0,0.5328668731714035
158,AV,high_quality,0.5789473684210527,0.9611090077597868,0.040770466748679415,1.644140946066524,0.0,0.8051111033100812
158,MV,high_quality,0.4489795918367347,0.9776597819889655,0.42336284784240463,0.9921230789947733,0.0,0.6985030283897108
158,PV,high_quality,0.5714285714285714,0.9222998197834186,-0.1405812969803191,1.002916200036859,0.0,0.7345431514381404
158,TV,high_quality,0.5172413793103449,0.8451225433928989,0.03348325947624494,-0.9942572920296708,0.0,0.6555020011042914
159,AV_2,high_quality,0.625,0.9397552805484278,0.5659173022483951,2.5395197982484197,0.0,0.6443041411339545
159,MV,high_quality,0.5373134328358209,0.6844913256522649,0.4581672151683191,1.0446054048503521,0.0,0.5743714783245093
159,PV,high_quality,0.46774193548387094,0.726929370373245,1.220090630549494,3.01675714874652,0.0,0.8167588826710306
159,TV,high_quality,0.5625,0.9063160460178461,2.18694724257335,6.9725894206077825,0.0,0.7894361862636299
160,AV_2,high_quality,1.0,0.9367622394336511,-1.0377272087007159,11.041537521479288,0.0,0.6025061394542537
160,MV,uncertain,0.8518518518518519,0.7862151086605317,0.48189905146497014,1.5155825761579962,0.0,0.6399018486483848
160,PV,high_quality,0.9245283018867925,0.8668168162042083,-1.0124441981239114,2.0650712328533096,0.0,0.6892990022628159
160,TV,high_quality,0.9444444444444444,0.9234885790203038,1.5255689528974177,3.2924957617393504,0.0,0.7989232167188676
161,AV,low_quality,0.25,0.49051404619098743,-0.2586317713574558,-0.6260310071614712,0.0,0.6695985771453001
161,MV,low_quality,0.5833333333333334,0.9780829462700577,-0.6268908047084274,0.850341793982567,0.0,0.7240641055135468
161,PV_2,uncertain,0.5238095238095238,0.9176011884984454,0.20176505483063725,-1.0540051294351118,0.0017779094747759094,0.8238291466217441
161,TV,high_quality,0.8787878787878788,0.9261290291619013,0.5502408729932899,0.7774036500728116,0.0,0.9607964923204416
162,AV,high_quality,0.5,0.9615973236867825,-1.9157709023718608,3.9995975493031635,0.0,0.9303176820897626
162,MV,uncertain,0.6103896103896104,0.7615885215241582,-0.5134510581390418,-0.04776121528589705,0.0,0.81763681533172
162,PV,uncertain,0.717391304347826,0.871371601912279,1.2744718822589851,2.1055705511132228,0.0,0.3679219332814573
162,TV,uncertain,0.7755102040816326,0.9522897048064795,-0.6741443523777078,1.4289472151998872,0.0,0.7667031093806744
163,AV_2,low_quality,0.5789473684210527,0.9672518763673092,0.2193562823891292,-0.28993439622152595,0.0,0.45600794211378937
163,AV_3,low_quality,0.4,0.8477160882410132,-0.19791250921000375,1.0393601035959819,0.0,0.5267172542666261
163,MV_2,high_quality,0.7894736842105263,0.7865718588273493,-3.664378948053171,18.532939597211662,0.0,0.7040301681222648
163,PV_2,low_quality,0.5,0.9159841926210146,-0.09782857332810715,-0.19620775612475505,0.0,0.31051195947655685
163,TV,high_quality,0.5147058823529411,0.6593509865819303,0.9516867598639992,0.9050276736536951,0.0,0.7949656455052735
164,AV_2,uncertain,0.029411764705882353,0.9091281225239979,-0.39339449608230115,27.49119261368667,0.0,0.541755563217786
164,MV,high_quality,0.8163265306122449,0.8045509892733802,2.0644641421362624,6.047891906084404,0.0,0.8006877120069602
164,PV_2,high_quality,0.8571428571428571,0.8539365024701953,2.4834860495598994,6.887575782453272,0.0,0.8353718556865253
164,TV,high_quality,0.5185185185185185,0.8228427054433698,-5.6589073085593,38.30170365535864,0.0,0.7206548488679763
165,AV_2,uncertain,0.36,0.802157939740485,0.31372563723359126,-0.13573993547581065,0.0,0.20577040195930352
165,MV,high_quality,0.5319148936170213,0.7217077502620902,2.025378355983504,8.731153344730705,0.0,0.7915164725357295
165,PV,high_quality,0.1346153846153846,0.8530083169582444,-0.7061926593484851,3.2230726398583274,0.0,0.8774952702817276
165,TV,high_quality,0.4,0.8286151286384511,1.969690223004933,7.294778181110212,0.0,0.7999333074500824
166,AV_2,uncertain,0.5294117647058824,0.8978935744268726,-0.818842652347447,2.18130033441214,0.0,0.18700776915396322
166,MV,high_quality,0.5961538461538461,0.7441349323528504,-0.028717635364533967,0.8004632948980746,0.0,0.3736822269253849
166,PV,high_quality,0.6181818181818182,0.7125557358363065,-0.42947269579039926,4.61195764036135,0.004138216428719222,0.2312151806430216
166,TV,high_quality,0.673469387755102,0.9112072578991565,0.09776138667376304,0.19457339557936537,0.0039313056072832605,0.33456344783011915
167,AV,uncertain,0.352112676056338,0.7199808879165598,-0.5877869594814819,0.22759069949375776,0.0,0.5192126763020155
167,MV,high_quality,0.6590909090909091,0.6321599556683284,-0.6087989141121307,2.9201057877389376,0.0,0.40637389818326863
167,PV,high_quality,0.46875,0.7417426781665317,2.545006885210609,8.861141180007857,0.0,0.9345967563031586
167,TV,high_quality,0.6888888888888889,0.7674546567874821,-3.5689208424074734,21.176396448315735,0.0,0.6414729637484251
168,AV,high_quality,0.7804878048780488,0.8829729739954579,1.153550077101871,2.4193844759129313,0.0,0.703121044146548
168,MV,high_quality,0.7407407407407407,0.7915752087866669,1.4104632597885327,3.323577143290983,0.0,0.8117358302177297
168,PV,uncertain,0.8604651162790697,0.7215279410137,0.21813600249644477,-0.004841978391545876,0.0,0.18586585433913838
168,TV,uncertain,0.8,0.852986234008858,-0.15092540811010347,1.6335377292919757,0.0,0.6897300457478717
169,AV,low_quality,0.18181818181818182,0.5875362676994621,-0.14249014221494405,1.6955019126208173,0.0,0.26291470997873845
169,MV,high_quality,0.7647058823529411,0.7570994128099413,-0.14743948080462793,9.451356065877855,0.0,0.641764971619502
169,PV,uncertain,0.7045454545454546,0.7313538372820408,-0.35039750771206274,1.4319279308406063,0.0,0.4428124300167534
169,TV,high_quality,0.6976744186046512,0.8024703141986103,-1.311418217821388,8.571789789135428,0.0,0.48987048227006
170,AV,high_quality,0.6046511627906976,0.9129994150084023,-0.42203594432358454,0.6797630499869682,0.0,0.6113941823194164
170,MV_2,high_quality,0.9393939393939394,0.841588006334285,1.4555433647664147,7.766002635333889,0.0,0.9505044385800299
170,PV,high_quality,0.6444444444444445,0.8182012376603887,0.5562938436842066,1.6469503908810452,0.0,0.8036146029888481
170,TV_2,high_quality,0.9696969696969697,0.9178524155983169,-0.8408793185597075,2.2784361098936916,0.0,0.7389108047330877
171,AV_2,uncertain,0.48214285714285715,0.9387133618539186,-1.3411472553360384,8.64561552989377,0.0,0.7749866714373086
171,MV,high_quality,0.7894736842105263,0.9573331009217178,-2.355675963041593,6.433136478778472,0.0,0.9603404198012481
171,PV,uncertain,0.4827586206896552,0.9532525776899152,0.9271272790615881,5.661779075821293,0.0,0.6503538971763081
171,TV,high_quality,0.8529411764705882,0.8650041015969302,-3.073245352614999,11.753598313127863,0.0,0.9566762997470332
172,AV_2,high_quality,0.7419354838709677,0.8415070247714027,-2.8335693439523224,10.873375208916094,0.0,0.5458930902963508
172,AV_3,uncertain,0.6774193548387096,0.9563981654888533,1.8190350374740492,5.730987326566041,0.0,0.8599069662297605
172,MV,uncertain,0.358974358974359,0.891414560752289,-2.124314800906619,7.6913716510397645,0.0,0.4063907064454575
172,PV_2,high_quality,0.625,0.9664527580983423,-0.10434472483299914,-0.4486778051171987,0.0,0.3389207833009059
172,TV,high_quality,0.4423076923076923,0.8655539502763733,-1.1144820272054912,2.143680768127136,0.0,0.753405408648018
173,AV_2,uncertain,0.5686274509803921,0.9742159785918009,-0.675038121621073,3.548347168221887,0.0,0.4019132225941381
173,AV_3,high_quality,0.75,0.9611728517884343,0.5129555645427677,2.2009775772348723,0.0,0.520381365613279
173,MV,uncertain,0.6666666666666666,0.8664686896547981,-0.47231653465627316,2.9760744643168175,0.0,0.40578921504327115
173,PV,high_quality,0.4927536231884058,0.9762478807157341,-0.9937736641352873,2.0499064108409017,0.0,0.9340303160764143
173,TV,high_quality,0.6808510638297872,0.9833422705831392,1.5540437153869437,3.5325064156741393,0.0,0.9520106629558301
174,AV_2,uncertain,0.6481481481481481,0.9179915510965084,0.8584906465265907,2.9694734627707504,0.0,0.33547160898577133
174,MV,uncertain,0.9,0.9357968366763174,0.8598196150069171,0.826850449275617,0.0,0.787325032553443
174,PV,uncertain,0.515625,0.9360029543104859,-0.5967086459782874,0.8564388852953226,0.0,0.8686472870589944
174,TV,high_quality,0.5686274509803921,0.9640905701985955,-0.3493145361600151,2.167672941314472,0.0,0.5897209625370715
175,AV,uncertain,0.53125,0.8928175967922433,-0.4345235669325115,1.6675163288080164,0.0,0.18290580372108556
175,MV,high_quality,0.2765957446808511,0.838705349441524,3.850202464072171,18.302393342151166,0.0,0.9066513910629385
175,PV,high_quality,0.6875,0.8159759767322952,-5.759508860910934,48.05349210983759,0.0,0.7234650077339337
175,TV,uncertain,0.5882352941176471,0.9148235180759857,-0.13081032174469134,1.714514104134155,0.0,0.5923511969485751
176,AV_2,uncertain,0.4090909090909091,0.7714621506281854,-2.172998226882268,2.8235412613858033,0.0,0.7271464036636186
176,AV_3,uncertain,0.6052631578947368,0.776348245225617,-4.90946516827902,34.96123757195772,0.0,0.6885001851293091
176,MV_2,high_quality,0.578125,0.7893269336168968,0.4799630061633479,0.7095822931476947,0.0,0.8621970001896512
176,PV_2,uncertain,0.6190476190476191,0.7992626955024721,-0.041587598854593906,-0.05204802891429816,0.0,0.40593688964361696
176,TV_2,high_quality,0.782608695652174,0.8155243284333967,0.2635517671577727,2.340163836322927,0.0,0.6314266986973043
177,AV_2,uncertain,0.35294117647058826,0.7714266836770478,-5.338320973242209,42.23349654334001,0.0,0.5960318422301398
177,MV_2,high_quality,0.38095238095238093,0.8159630979503151,-0.5586994992817855,3.002994194246087,0.0,0.5168117139697008
177,PV_2,high_quality,0.4642857142857143,0.7993748191976472,-1.08340774125849,2.421635527924603,0.0,0.5990841898501509
177,TV_2,high_quality,0.5238095238095238,0.9038784680913166,-0.39486404709528167,0.9510905553353584,0.0,0.38218131829645163
178,AV_2,uncertain,0.6521739130434783,0.8815350176055858,-0.6277102320523393,1.067389139054927,0.0,0.2647804312591058
178,MV,high_quality,0.972972972972973,0.8242405800673452,-0.0441395663184757,2.6439854307851114,0.0,0.8257131699615212
178,PV,high_quality,0.8857142857142857,0.7746186922607374,-1.3082335073645635,2.7973294391294434,0.0,0.816094414620087
178,TV,high_quality,0.5074626865671642,0.5916716768309938,-0.3886020488975147,0.19315139173338736,0.0,0.5555246010957876
179,AV_2,high_quality,0.4782608695652174,0.9871441631010429,0.4339666304432269,0.22433674017834893,0.0,0.7554328205234171
179,MV,high_quality,0.7571428571428571,0.8950463672574662,0.37148228150269763,0.5465214840429837,0.0,0.9368499537520509
179,PV_2,high_quality,0.4861111111111111,0.9826922445212876,-0.8445453920049248,1.2906511782481314,0.0,0.9365111697824
179,PV_3,high_quality,0.47297297297297297,0.9798517034878909,-0.7783799584286979,1.1285871681810455,0.0,0.9561041652773795
179,TV_2,high_quality,0.581081081081081,0.9234863756253501,0.2890276860391732,0.8438711734533575,0.0,0.9057274883559416
180,AV_2,uncertain,0.5614035087719298,0.8805848266530619,0.03020973955361494,4.289268891692094,0.0,0.2973569671246655
180,MV,uncertain,0.4915254237288136,0.8051126613204209,-0.010197588893751103,-0.3994213225869099,0.0,0.3524406828711739
180,PV_2,uncertain,0.4032258064516129,0.8629309018674676,-0.1833892010525775,1.2499798300419718,0.0,0.42047156704210475
180,TV,uncertain,0.54,0.6978524004962644,0.08215013536753367,-1.0020695114856937,0.0,0.7834390839772993
193,AV,high_quality,0.6136363636363636,0.7503168967328008,-6.026505600282113,48.263437497645654,0.0,0.6023356465614141
193,MV,uncertain,0.7297297297297297,0.8381426078233045,-0.34508367035534143,0.17610023657376184,0.0,0.3880955956205384
193,PV,high_quality,0.5869565217391305,0.7697527315832734,-3.7461210601267556,18.32736561554035,0.0,0.7297930363492957
193,TV,uncertain,0.7297297297297297,0.7591551387786931,-3.4641847956420526,22.93501817555387,0.0,0.6332094792300036
194,AV,uncertain,0.6410256410256411,0.889955764453028,-1.330193525887487,1.901425770645849,0.0,0.3879629933959947
194,MV,uncertain,0.575,0.7596221165175486,-0.5896531926320088,0.4383219763441568,0.004463533771264949,0.19678169245989374
194,PV,high_quality,0.7333333333333333,0.8029037914907005,-0.08382477576519637,1.8487403878008788,0.0,0.4501237281510887
194,TV,uncertain,0.5151515151515151,0.8234014850602718,-4.323951992620885,32.858016397155374,0.0,0.6493312974627976
195,AV,uncertain,0.5882352941176471,0.8812777892149639,-0.7749774407179351,2.84236160134211,0.0,0.8496894863092737
195,MV,high_quality,0.8484848484848485,0.8658512832878638,0.27393935377461137,1.8233725179690916,0.0,0.5286184655306175
195,PV,high_quality,0.5882352941176471,0.8641171556023197,0.4183357179032162,0.48484378341595846,0.033472120173075354,0.3548803679439695
195,TV,uncertain,0.2413793103448276,0.8816043570057596,1.4109819576064189,2.506193716705951,0.0,0.6978539552982632
